INSERT INTO CATEGORY (CATEGORY_ID, NAME, PARENT_ID, CREATED_DATE, UPDATED_DATE)
VALUES
    (11L, '물품', null,  CURRENT_TIMESTAMP(), CURRENT_TIMESTAMP()),
    (12L, '앨범', 11L,   CURRENT_TIMESTAMP(), CURRENT_TIMESTAMP()),
    (13L, '도서', 11L,   CURRENT_TIMESTAMP(), CURRENT_TIMESTAMP()),
    (14L, '영화', 11L,   CURRENT_TIMESTAMP(), CURRENT_TIMESTAMP());

INSERT INTO ITEM (ITEM_ID, NAME, PRICE, STOCK_QUANTITY, DTYPE, CREATED_DATE, UPDATED_DATE)
VALUES
    (11L, '앨범A', 300000, 5,  'A', CURRENT_TIMESTAMP(), CURRENT_TIMESTAMP()),
    (12L, '앨범B',  30000, 10, 'A', CURRENT_TIMESTAMP(), CURRENT_TIMESTAMP()),
    (13L, '도서A',  20000, 20, 'B', CURRENT_TIMESTAMP(), CURRENT_TIMESTAMP()),
    (14L, '도서B',  10000, 20, 'B', CURRENT_TIMESTAMP(), CURRENT_TIMESTAMP()),
    (15L, '도서C',  10000, 20, 'B', CURRENT_TIMESTAMP(), CURRENT_TIMESTAMP()),
    (16L, '영화A',  15000, 10, 'M', CURRENT_TIMESTAMP(), CURRENT_TIMESTAMP()),
    (17L, '영화B',  13000, 10, 'M', CURRENT_TIMESTAMP(), CURRENT_TIMESTAMP());

INSERT INTO CATEGORY_ITEM (CATEGORY_ID, ITEM_ID)
VALUES
    (12L, 11L),
    (12L, 12L),
    (13L, 13L),
    (13L, 14L),
    (13L, 15L),
    (14L, 16L),
    (14L, 17L);

INSERT INTO MEMBER (MEMBER_ID, NAME, CITY, STREET, ZIPCODE, CREATED_DATE, UPDATED_DATE)
VALUES
    (11L, 'Daeho Ro', 'Seoul', 'Street', 'Zipcode', CURRENT_TIMESTAMP(), CURRENT_TIMESTAMP());

INSERT INTO ORDERS (ORDER_ID, MEMBER_ID, ORDER_DATE, STATUS, CREATED_DATE, UPDATED_DATE)
VALUES
    (11L, 11L, '2023-08-23', 'ORDER', CURRENT_TIMESTAMP(), CURRENT_TIMESTAMP());

INSERT INTO ORDER_ITEM (ORDER_ITEM_ID, ITEM_ID, ORDER_ID, ORDER_PRICE, COUNT, CREATED_DATE, UPDATED_DATE)
VALUES
    (11L, 11L, 11L, 300000, 1, CURRENT_TIMESTAMP(), CURRENT_TIMESTAMP()),
    (12L, 12L, 11L,  30000, 1, CURRENT_TIMESTAMP(), CURRENT_TIMESTAMP()),
    (13L, 13L, 11L,  20000, 1, CURRENT_TIMESTAMP(), CURRENT_TIMESTAMP()),
    (14L, 14L, 11L,  10000, 1, CURRENT_TIMESTAMP(), CURRENT_TIMESTAMP());
